genetics_bool,slot_duration,start_abdominal,timestep,simultaneous_fixation,clutch_m,clutch_sd,noise_sd,n_embryos,smallest_n,total_clutches,chisquare,pvalue
True,60,42,2,True,15,10,12,650,21,37,8.18957345972,0.224541125084
False,30,42,2,False,20,5,8,799,23,43,1.33333333333,0.969787891506
True,60,42,2,False,19,6,3,993,68,53,0.717877094972,0.994097101071
True,120,42,2,True,9,6,19,581,35,54,2.74576271186,0.840012608563
False,15,42,2,False,20,10,5,919,10,48,0.682577565632,0.994859369307
False,15,42,2,False,9,6,2,382,2,45,0.240963855422,0.99973362713
True,120,42,2,False,18,2,3,702,100,40,8.16015625,0.226603149776
False,60,42,2,True,12,9,3,489,5,38,1.01960784314,0.984858082282
False,30,42,2,False,10,5,17,461,7,45,0.952380952381,0.987353187049
False,30,42,2,False,14,9,10,613,9,44,0.967741935484,0.98680563699
False,60,42,2,False,14,8,15,665,44,48,0.700854700855,0.99447260267
False,15,42,2,False,10,4,7,400,3,44,0.666666666667,0.995182375797
False,120,42,2,True,6,4,17,242,23,41,13.6589147287,0.0336872228805
True,120,42,2,False,18,8,10,850,128,49,6.52071005917,0.367450428039
True,60,42,2,False,11,8,7,539,33,39,2.85227272727,0.827146718706
True,30,42,2,False,15,5,20,900,28,57,1.71764705882,0.943750767957
False,120,42,2,False,9,7,4,443,66,42,9.84164222874,0.131481173175
True,60,42,2,False,11,10,19,784,53,54,1.60720720721,0.952057859409
True,120,42,2,False,20,10,16,1265,198,54,7.87196896217,0.24763408872
False,60,42,2,False,5,8,11,298,17,43,6.74444444444,0.345128792193
True,15,42,2,False,12,4,15,456,3,45,1.28125,0.972681525626
True,120,42,2,False,9,8,9,470,72,47,7.88390501319,0.246732738682
True,60,42,2,True,20,4,16,757,18,37,3.57219251337,0.734341340023
True,15,42,2,False,12,3,3,671,5,53,0.582159624413,0.996690401223
True,120,42,2,False,15,5,13,914,131,59,2.00872093023,0.918894794055
True,120,42,2,False,14,3,19,581,82,44,1.55710955711,0.955611112876
True,120,42,2,False,18,6,12,977,148,58,2.42929292929,0.876295469384
False,60,42,2,True,18,10,19,1093,17,60,6.32402234637,0.387888467018
True,60,42,2,True,13,10,5,847,22,61,4.0,0.676676416183
True,60,42,2,True,19,1,12,1007,17,54,2.80446927374,0.832957446328
False,15,42,2,False,16,8,20,776,6,46,0.333333333333,0.999318702996
False,60,42,2,False,18,10,5,829,59,48,0.953947368421,0.987297960793
False,60,42,2,False,10,9,6,622,40,50,0.346793349169,0.999236622562
True,15,42,2,False,8,3,7,437,3,53,1.616,0.951420230894
True,120,42,2,True,18,6,15,598,53,34,16.0273037543,0.0136081653616
True,60,42,2,True,5,4,11,262,3,51,5.46666666667,0.485494612377
True,30,42,2,False,7,8,9,397,9,52,0.815217391304,0.991659424618
True,120,42,2,True,12,1,7,607,71,52,4.0,0.676676416183
False,30,42,2,False,6,5,14,362,8,51,2.60355029586,0.85670349622
True,15,42,2,False,11,4,20,612,6,55,2.9718875502,0.812366887681
True,120,42,2,True,12,6,17,384,26,34,29.837037037,4.22139050697e-05
True,120,42,2,True,8,9,16,628,39,59,6.08,0.414288410931
True,120,42,2,True,5,10,19,649,63,50,9.66666666667,0.139409572128
False,60,42,2,False,17,5,11,879,59,54,1.59543230016,0.952905225168
False,60,42,2,False,12,6,14,510,33,45,1.80813953488,0.936471270035
False,120,42,2,True,19,9,6,861,47,50,77.6896551724,1.07125559503e-14
False,60,42,2,False,20,4,17,885,63,43,1.31626506024,0.970753258817
True,15,42,2,False,20,1,14,941,12,48,1.22580645161,0.975590869343
False,120,42,2,True,6,10,11,660,58,62,21.4838709677,0.00150115199969
True,60,42,2,False,13,4,10,626,43,54,2.04376367615,0.915629950133
False,15,42,2,False,18,2,7,850,9,49,1.70212765957,0.944956890896
False,120,42,2,True,17,3,14,714,37,42,42.0304568528,1.81348427194e-07
True,30,42,2,False,5,8,17,541,12,55,0.777777777778,0.992656310999
False,30,42,2,False,17,9,7,742,18,46,0.148148148148,0.999935913753
True,30,42,2,False,8,9,20,517,14,46,1.58620689655,0.953563890549
True,30,42,2,False,19,9,1,858,23,47,0.229645093946,0.999768453498
False,60,42,2,False,5,2,19,164,6,37,2.12903225806,0.907457072055
True,120,42,2,False,8,5,17,381,53,48,0.929078014184,0.98815846753
False,60,42,2,False,6,6,5,387,25,49,0.780303030303,0.992591426876
True,120,42,2,True,18,5,18,741,57,41,25.3069306931,0.00029953603586
True,30,42,2,False,19,9,15,814,23,42,2.329218107,0.887069922645
False,15,42,2,False,12,9,1,614,6,49,0.0790513833992,0.999990008617
True,60,42,2,True,18,2,9,976,32,57,5.56195965418,0.473999897224
True,15,42,2,False,14,9,18,653,6,47,1.03149606299,0.984390113465
False,30,42,2,False,5,4,2,311,7,50,0.424657534247,0.99863828317
True,15,42,2,False,17,7,1,994,9,63,0.572944297082,0.996834335215
True,120,42,2,True,5,2,13,262,24,55,19.3,0.00368586722199
False,30,42,2,False,14,8,12,558,14,48,1.63758389262,0.949837458204
False,120,42,2,False,19,6,12,604,89,35,3.78993435449,0.705078888318
False,60,42,2,False,7,2,15,376,24,58,1.004048583,0.985458381556
False,15,42,2,False,14,2,3,661,5,48,0.161137440758,0.999917934933
False,60,42,2,False,6,6,19,316,20,42,1.28909952607,0.972255362793
True,120,42,2,True,12,9,18,685,31,48,10.7975460123,0.0948386990871
False,60,42,2,True,16,1,4,801,45,52,14.9957805907,0.0202895579613
False,60,42,2,False,16,3,13,767,48,50,1.95275590551,0.923991914768
False,120,42,2,False,14,3,13,700,108,50,2.20173913043,0.900241099994
False,30,42,2,False,15,1,8,734,22,50,0.56652360515,0.996932304978
True,30,42,2,False,11,8,1,572,13,48,2.52554744526,0.865597614111
False,15,42,2,False,16,5,6,865,7,56,0.163822525597,0.999913850197
False,30,42,2,False,7,10,13,584,14,48,1.10344827586,0.981385068358
False,60,42,2,False,11,9,9,626,48,44,2.44444444444,0.874632669242
True,120,42,2,False,19,3,4,872,124,46,3.76204819277,0.708840575475
False,120,42,2,True,17,10,12,1044,135,53,37.7244582043,1.27163777487e-06
True,15,42,2,False,9,5,3,533,4,58,0.395348837209,0.998889201805
False,120,42,2,True,19,3,11,912,113,48,31.6235294118,1.92649695359e-05
False,120,42,2,False,8,6,3,417,62,53,2.70769230769,0.844537873426
False,15,42,2,False,10,5,3,470,4,52,0.0833333333333,0.999988314226
False,60,42,2,False,8,1,14,459,30,59,2.10967741935,0.909340127838
False,30,42,2,False,18,5,7,943,22,54,0.893709327549,0.989322633327
False,120,42,2,False,9,7,3,481,73,50,2.44444444444,0.874632669242
True,120,42,2,False,13,10,5,674,101,48,4.05882352941,0.668716086832
True,120,42,2,False,12,7,2,549,80,45,3.02403846154,0.805823758628
True,60,42,2,True,7,3,5,378,6,56,3.48387096774,0.746114342534
True,60,42,2,True,7,7,6,432,17,50,15.4831460674,0.0168140846155
True,120,42,2,False,20,8,8,1152,173,59,2.91108671789,0.819920841674
False,120,42,2,True,8,10,15,491,49,45,17.4779116466,0.00767837674421
False,120,42,2,True,16,3,16,869,78,56,24.4031413613,0.000440180895995
False,120,42,2,False,17,8,4,1025,159,58,2.85818181818,0.826424485917
True,60,42,2,True,16,7,16,741,8,49,4.3488372093,0.629580909387
False,60,42,2,True,17,2,16,786,17,46,6.875,0.332562082013
False,120,42,2,False,5,10,12,585,88,53,0.753303964758,0.993267667751
False,15,42,2,False,11,5,2,404,3,36,0.111111111111,0.99997258673
False,15,42,2,False,13,8,16,687,8,46,0.456456456456,0.998328725955
True,120,42,2,True,7,1,9,243,24,39,3.31623931624,0.768235678517
False,15,42,2,False,8,3,7,439,4,55,1.44378698225,0.963140768461
False,60,42,2,True,14,8,18,481,9,37,10.3370786517,0.11115594415
True,120,42,2,False,6,5,13,393,60,65,2.77564102564,0.836433351419
True,30,42,2,False,16,6,11,761,19,49,1.22807017544,0.975475544561
False,30,42,2,False,12,2,3,623,14,55,0.115254237288,0.999969451757
False,30,42,2,False,7,8,9,298,7,41,0.47619047619,0.998116281396
False,120,42,2,True,12,8,2,595,26,52,13.6666666667,0.0335896044191
True,120,42,2,True,20,9,9,715,45,34,20.2666666667,0.00248232920451
True,30,42,2,False,6,6,10,274,4,39,1.22352941176,0.975706574861
False,30,42,2,False,5,5,9,248,5,45,0.4,0.998851518755
True,15,42,2,False,18,7,6,1131,14,65,0.481927710843,0.998051516854
False,60,42,2,True,5,6,16,312,7,45,5.05,0.537416442804
False,60,42,2,True,14,9,1,627,21,44,9.04888888889,0.170847206025
False,15,42,2,False,11,9,14,735,4,60,0.287425149701,0.999555683541
False,30,42,2,False,19,4,3,930,27,51,0.197530864198,0.999850867067
True,15,42,2,False,19,6,10,916,7,46,1.04761904762,0.983742544074
True,15,42,2,False,12,1,5,696,5,61,1.6,0.952577403929
False,120,42,2,True,7,4,5,271,28,43,33.0273972603,1.03593174515e-05
True,120,42,2,True,11,10,13,627,47,49,10.5483870968,0.103377788313
False,60,42,2,True,19,10,5,1194,63,66,25.8173652695,0.000240775093005
False,30,42,2,False,9,1,18,320,7,37,1.32413793103,0.970310042911
True,15,42,2,False,18,3,1,723,8,40,1.89349112426,0.929228814471
False,120,42,2,False,11,4,13,576,86,54,8.95594713656,0.176070773375
False,60,42,2,False,7,10,9,368,21,41,1.05504587156,0.983439246102
False,60,42,2,False,8,9,18,524,34,51,0.88,0.989755171921
True,60,42,2,False,13,7,17,495,29,43,4.35179153094,0.629183973562
False,120,42,2,False,15,1,13,558,84,39,4.62727272727,0.592425927958
False,60,42,2,True,12,7,13,596,4,47,0.487804878049,0.997983751522
False,15,42,2,False,11,1,4,404,3,39,0.333333333333,0.999318702996
True,60,42,2,True,14,9,15,729,29,55,2.66666666667,0.849368556151
False,30,42,2,False,14,7,10,551,17,44,1.17183098592,0.978253199216
False,15,42,2,False,18,2,7,943,11,55,0.209150326797,0.999823736795
False,120,42,2,False,5,6,1,260,37,43,9.65445026178,0.139978509496
False,60,42,2,True,8,3,9,370,5,48,5.14285714286,0.525625688079
True,120,42,2,False,9,8,19,376,52,39,5.16911764706,0.522312870269
True,15,42,2,False,12,5,10,622,6,54,0.944444444444,0.987630876516
False,15,42,2,False,11,10,14,596,6,39,0.577075098814,0.996770302221
False,15,42,2,False,20,3,14,834,10,42,0.985849056604,0.986143069617
True,60,42,2,False,14,8,13,753,44,49,1.30263157895,0.97151239562
True,120,42,2,False,19,9,12,959,146,54,9.39559014267,0.152522056653
True,60,42,2,False,6,2,15,258,16,49,1.12941176471,0.980227685218
False,120,42,2,False,6,8,17,431,66,47,4.09195402299,0.664233959452
True,120,42,2,False,20,10,14,1067,165,54,6.41676646707,0.378156890644
True,120,42,2,False,19,6,18,766,116,42,4.70146818923,0.582631488083
True,120,42,2,True,19,7,13,1115,96,56,31.0189473684,2.51390048288e-05
True,30,42,2,False,13,10,17,814,25,58,1.50763358779,0.958985875516
False,60,42,2,True,17,5,20,713,11,43,4.25,0.642885274498
False,120,42,2,True,16,8,1,709,82,44,9.28169014085,0.158344762948
True,60,42,2,False,6,8,10,459,33,44,4.61946902655,0.593459036045
True,15,42,2,False,16,1,5,726,6,47,0.656,0.995391857725
True,120,42,2,True,15,3,12,768,76,53,33.1490514905,9.81558058703e-06
True,60,42,2,False,14,10,6,833,56,54,1.61904761905,0.951198257362
False,30,42,2,False,16,8,20,562,17,40,0.864406779661,0.990234527065
False,30,42,2,False,11,10,18,638,15,51,0.488745980707,0.997972766039
False,120,42,2,True,6,2,12,297,27,53,5.42857142857,0.490131509035
True,60,42,2,False,11,5,9,387,24,42,3.456,0.74981420599
True,120,42,2,False,9,8,13,467,69,44,3.08493150685,0.798114050492
False,120,42,2,False,12,5,18,534,74,47,5.85750636132,0.43934030896
False,60,42,2,False,15,10,19,728,38,42,1.14427860697,0.979547481874
True,30,42,2,False,13,1,15,593,15,48,0.870662460568,0.990043829164
True,30,42,2,False,16,1,2,800,22,51,0.634573304158,0.995795721221
True,60,42,2,True,17,9,11,771,25,48,5.05928853755,0.536231748257
False,120,42,2,True,6,7,6,369,30,47,17.9289940828,0.00641211406685
False,60,42,2,False,10,1,15,438,25,46,3.78947368421,0.705141054904
False,60,42,2,True,8,5,14,406,2,51,3.8,0.703720353442
True,120,42,2,True,6,7,11,492,42,55,47.0,1.87113347726e-08
True,120,42,2,False,17,1,1,846,128,51,5.46470588235,0.485732702042
False,60,42,2,False,5,4,15,218,11,40,3.87826086957,0.693146851506
True,30,42,2,False,14,2,15,659,21,49,1.2100456621,0.976385619002
False,30,42,2,False,14,6,12,515,16,39,0.281437125749,0.999581947853
False,60,42,2,True,16,1,5,844,29,55,7.13898305085,0.308185262713
False,15,42,2,False,6,9,15,546,5,55,1.36448598131,0.967983102827
True,120,42,2,True,9,1,11,431,50,51,7.78378378378,0.25437572928
True,15,42,2,False,12,2,5,658,6,56,0.414342629482,0.998730270759
True,60,42,2,False,7,2,18,263,12,43,1.168,0.978435780239
False,30,42,2,False,14,10,14,873,18,55,2.18518518519,0.901903503125
False,15,42,2,False,12,1,4,536,7,46,0.27397260274,0.999613263785
True,60,42,2,True,13,10,9,701,12,48,4.42276422764,0.619663314155
False,60,42,2,False,5,7,2,298,15,42,3.15032679739,0.789756549137
True,15,42,2,False,11,4,12,621,5,58,2.28037383178,0.892192259764
False,60,42,2,False,7,1,2,325,19,49,1.9595959596,0.923376770534
False,120,42,2,True,7,8,20,353,26,42,9.86764705882,0.130337484272
False,15,42,2,False,13,8,15,555,5,46,0.631578947368,0.995850375609
True,120,42,2,False,9,2,12,461,72,53,3.32095490716,0.767618087562
False,60,42,2,False,6,6,16,307,17,46,1.43352601156,0.963787288613
False,120,42,2,True,14,9,6,741,86,53,56.9739478958,1.84924317473e-10
True,120,42,2,True,11,8,16,525,16,45,5.9746835443,0.426032027944
False,60,42,2,True,15,7,2,723,22,47,11.8974358974,0.0642963879624
True,30,42,2,False,9,9,19,576,15,48,0.554140127389,0.997115936501
True,15,42,2,False,12,9,20,500,5,45,4.06666666667,0.667654892409
False,120,42,2,False,19,4,15,710,103,39,1.21033210332,0.97637130264
True,60,42,2,False,8,7,16,411,21,44,1.39090909091,0.966409095975
False,120,42,2,True,6,9,14,366,17,36,7.83333333333,0.25056984386
False,15,42,2,False,19,5,7,914,11,48,0.393939393939,0.998900464525
False,120,42,2,False,10,3,2,507,61,52,0.978193146417,0.986425476722
False,60,42,2,True,19,7,7,888,34,49,12.962962963,0.0436278826329
True,120,42,2,False,16,9,5,896,139,55,15.4719562244,0.016887064181
True,120,42,2,True,12,6,12,539,31,44,15.6486486486,0.0157693505227
True,60,42,2,True,17,7,15,653,10,44,10.6226415094,0.10076310642
True,30,42,2,False,10,3,1,469,12,52,1.22222222222,0.975772863513
False,15,42,2,False,19,4,6,759,10,41,0.735576923077,0.99369085218
True,30,42,2,True,7,10,10,629,5,59,4.38888888889,0.624203809978
False,15,42,2,False,19,6,18,897,9,46,0.640826873385,0.995680171857
False,60,42,2,True,14,7,10,777,15,49,11.85,0.0654000075544
False,120,42,2,False,13,3,20,648,98,51,6.03149606299,0.41967114011
True,30,42,2,False,17,2,11,728,15,44,1.52258064516,0.95798051862
False,60,42,2,False,16,5,19,902,68,54,3.8431372549,0.697894384414
True,120,42,2,False,11,6,2,715,108,58,8.3,0.216938076352
False,60,42,2,True,20,3,2,1059,23,55,1.44715447154,0.96292730437
False,15,42,2,False,17,3,18,890,11,52,0.668122270742,0.995153351234
True,60,42,2,False,5,6,5,382,22,53,2.5701754386,0.860532727459
False,15,42,2,False,9,8,4,624,6,57,0.656,0.995391857725
False,120,42,2,True,18,9,3,963,108,51,8.79,0.185737319775
False,30,42,2,False,17,2,3,832,22,50,0.0521739130435,0.999997098467
True,120,42,2,True,9,1,5,367,23,43,7.4,0.2854331131
False,15,42,2,False,9,9,7,622,5,55,1.43396226415,0.963759921577
False,60,42,2,False,6,10,4,514,29,56,1.51333333333,0.958603957627
False,120,42,2,True,16,3,5,670,47,44,28.7416666667,6.80809365231e-05
False,120,42,2,False,6,6,8,321,47,56,5.02857142857,0.540153876733
True,15,42,2,False,12,3,20,560,4,48,2.84337349398,0.828232797674
True,120,42,2,True,5,2,2,305,29,65,6.4358974359,0.376170416326
False,15,42,2,False,8,3,14,356,3,45,0.0806451612903,0.99998939836
False,120,42,2,False,19,3,8,923,142,48,3.50802139037,0.742902180173
True,30,42,2,True,14,9,13,996,10,59,2.28436018957,0.891777671038
True,60,42,2,False,14,2,15,604,38,44,2.90076335878,0.821195095287
True,60,42,2,False,9,6,5,502,32,48,4.27485380117,0.639535533228
False,120,42,2,True,12,10,12,665,52,51,6.14336917563,0.407323063676
False,120,42,2,False,13,7,12,622,98,44,4.15533980583,0.655663823043
True,60,42,2,False,7,6,13,238,11,35,2.61666666667,0.855189125268
False,60,42,2,True,19,5,19,723,17,43,1.74468085106,0.941619967565
True,60,42,2,False,10,10,8,605,35,47,6.80547945205,0.339211699995
False,120,42,2,False,17,4,5,701,102,42,2.15384615385,0.905019395424
False,15,42,2,False,6,10,8,512,4,53,0.481927710843,0.998051516854
False,15,42,2,False,16,3,9,804,9,51,0.766404199475,0.992944355145
True,120,42,2,False,16,6,2,777,108,49,3.42086330935,0.754466981381
False,120,42,2,False,14,3,2,520,69,39,1.05352112676,0.983501771613
False,30,42,2,False,8,6,10,559,12,55,1.13043478261,0.980181286985
False,60,42,2,False,17,10,8,674,37,42,3.3059125964,0.769587095461
False,60,42,2,False,6,1,7,335,15,60,2.45679012346,0.873271849634
False,120,42,2,False,18,6,16,841,131,50,2.01179941003,0.91861021799
False,120,42,2,False,19,6,6,872,111,46,14.4941176471,0.024578162775
False,120,42,2,True,8,4,11,399,35,43,14.2826086957,0.0266337497476
True,15,42,2,False,16,6,16,626,8,41,0.580060422961,0.99672353452
False,120,42,2,False,14,10,14,670,105,45,1.44890510949,0.962816081099
False,30,42,2,False,8,10,19,451,11,42,1.44978165939,0.962760326804
False,15,42,2,False,11,9,11,670,6,50,1.01976284585,0.984852032639
False,120,42,2,True,14,4,12,705,55,50,6.41095890411,0.378761341038
True,30,42,2,False,13,3,6,592,14,47,0.841750841751,0.990907198112
False,60,42,2,False,14,2,15,586,41,45,0.516129032258,0.997636657208
False,15,42,2,False,19,5,1,668,7,39,0.238095238095,0.999742752734
True,30,42,2,False,7,3,14,369,9,57,0.473684210526,0.998144145751
True,30,42,2,False,11,9,5,477,11,40,0.387931034483,0.998947666522
False,120,42,2,False,19,10,9,998,156,47,2.53414634146,0.8646267429
False,120,42,2,False,17,5,12,735,114,46,1.64586846543,0.949223335728
True,30,42,2,False,17,9,4,694,20,50,1.58472553699,0.953669226074
True,60,42,2,False,7,8,1,396,25,38,0.445283018868,0.998442038149
False,60,42,2,False,15,7,10,689,40,45,1.25118483412,0.974281095539
False,60,42,2,True,9,5,16,492,13,54,4.01492537313,0.674656495939
True,60,42,2,False,11,3,4,449,25,44,1.58461538462,0.953677053969
True,60,42,2,False,14,9,17,755,47,49,2.80894308943,0.832416089738
False,15,42,2,False,9,10,8,590,5,49,1.03773584906,0.984141259714
True,60,42,2,False,5,3,7,216,14,48,0.232876712329,0.999758830901
True,120,42,2,False,6,7,16,367,45,48,0.646808510638,0.995567860431
True,60,42,2,True,20,1,1,1026,19,53,7.56097560976,0.272062809703
True,120,42,2,True,14,7,12,786,76,51,75.7732997481,2.66008301518e-14
False,120,42,2,False,19,6,12,843,108,47,1.18794326241,0.977476042555
True,120,42,2,True,20,1,14,689,60,35,27.5094339623,0.000116204895625
False,60,42,2,False,20,5,10,890,62,45,0.208269525268,0.999825897145
True,15,42,2,False,18,8,15,908,10,50,2.72289156627,0.842736032578
True,60,42,2,True,12,8,11,626,23,53,10.9558232932,0.0897514003009
False,120,42,2,False,5,7,14,386,50,51,9.10606060606,0.16770057408
False,120,42,2,False,7,9,3,490,69,40,1.55858310627,0.955508544888
False,15,42,2,False,6,10,5,611,4,51,0.5,0.99783850331
True,120,42,2,False,20,2,14,917,127,47,1.74193548387,0.941838076871
False,120,42,2,False,13,9,1,805,123,55,10.4185351271,0.10809740689
False,120,42,2,False,16,10,4,846,132,50,1.93939393939,0.925187233952
True,120,42,2,False,7,7,12,372,46,56,1.09166666667,0.981897466818
False,60,42,2,False,13,6,16,516,31,40,3.28484848485,0.772339106235
False,120,42,2,False,15,5,11,819,120,58,6.08791208791,0.413414576889
False,30,42,2,False,14,1,2,671,19,50,0.140350877193,0.999945350422
False,120,42,2,False,16,7,14,364,50,32,0.62015503876,0.996054906375
False,30,42,2,False,15,2,14,668,20,48,0.779097387173,0.99262244706
True,30,42,2,False,9,9,16,561,10,50,1.32692307692,0.970152400848
False,60,42,2,False,12,3,5,577,41,48,1.17782909931,0.977965635775
False,60,42,2,True,20,8,19,776,19,39,6.72727272727,0.346806848554
False,30,42,2,False,15,4,14,711,21,50,1.42596810934,0.964259714737
True,15,42,2,False,8,9,17,589,4,44,1.27810650888,0.972851199594
True,60,42,2,True,6,3,2,223,5,43,3.48,0.746628680145
False,60,42,2,True,9,9,2,573,4,47,2.41860465116,0.877463570308
False,15,42,2,False,6,6,7,282,2,40,0.333333333333,0.999318702996
False,60,42,2,False,17,10,16,929,59,47,1.87096774194,0.931174781787
False,15,42,2,False,6,7,20,414,2,50,1.10344827586,0.981385068358
False,60,42,2,False,10,5,1,444,32,45,1.9349112426,0.925586350389
False,60,42,2,True,19,9,19,1128,61,58,24.7172859451,0.000385151069732
True,15,42,2,False,14,5,12,699,7,53,0.847222222222,0.990747321535
True,30,42,2,False,8,4,15,306,5,42,2.18691588785,0.901730231273
False,60,42,2,True,5,6,8,330,4,48,4.66666666667,0.587219138734
False,30,42,2,False,5,8,2,324,8,37,0.333333333333,0.999318702996
False,120,42,2,False,12,4,8,597,85,50,3.3127753304,0.768689158304
True,30,42,2,False,7,3,12,326,6,45,0.555555555556,0.997095300189
True,15,42,2,False,11,7,5,747,5,58,0.162679425837,0.999915604997
False,15,42,2,False,11,10,3,568,5,46,0.451923076923,0.998375300947
False,120,42,2,True,18,8,6,806,80,45,19.1810344828,0.00386857126351
True,120,42,2,True,12,2,16,535,54,47,18.0072727273,0.00621404588661
False,15,42,2,False,9,5,7,338,3,39,0.625,0.995968932375
False,60,42,2,False,8,10,10,510,27,46,2.3,0.890145117917
False,120,42,2,True,9,2,12,416,45,48,8.4200913242,0.208912829915
True,30,42,2,False,20,9,18,732,17,38,2.48467966574,0.870178299397
True,120,42,2,False,15,5,3,662,93,47,5.66666666667,0.461545923305
False,15,42,2,False,6,8,2,478,3,50,0.0,1.0
False,60,42,2,False,10,2,11,403,20,42,1.10280373832,0.981413306604
False,15,42,2,False,19,7,14,1031,10,52,0.646080760095,0.995581618313
False,60,42,2,False,16,10,12,796,50,50,2.40152963671,0.879321198135
True,30,42,2,False,9,10,8,548,11,44,0.545454545455,0.997240589186
True,120,42,2,True,17,7,10,702,64,42,11.9135802469,0.0639247255355
False,60,42,2,False,13,1,17,508,28,41,1.71232876712,0.944165501616
False,15,42,2,False,8,4,6,396,3,47,0.222222222222,0.999789607058
True,60,42,2,True,14,5,17,613,26,45,1.12820512821,0.980282333855
False,60,42,2,True,17,1,14,783,34,48,9.15942028986,0.164808902694
True,15,42,2,False,12,2,17,709,8,62,2.95882352941,0.813996900581
True,120,42,2,False,14,3,20,723,105,55,8.57664233577,0.198824280782
True,120,42,2,False,15,4,8,721,108,49,2.52464788732,0.865699039695
True,15,42,2,False,15,5,6,696,6,47,0.425196850394,0.998633361859
True,60,42,2,False,15,6,7,679,47,46,0.572016460905,0.996848609687
False,60,42,2,False,8,4,6,465,31,57,3.96284829721,0.681704207152
True,120,42,2,False,6,7,18,298,40,43,2.62801932367,0.853874138261
True,120,42,2,True,17,10,1,827,61,50,16.5957446809,0.010889596427
True,60,42,2,True,8,8,16,470,13,45,9.61151079137,0.141994484093
True,120,42,2,False,11,10,16,612,83,49,3.2437357631,0.777692102
True,60,42,2,True,8,4,12,258,5,36,3.92452830189,0.686889176336
True,120,42,2,False,12,4,11,594,92,56,2.50939457203,0.867414785094
False,60,42,2,False,15,9,2,642,40,40,0.934939759036,0.987958773938
False,15,42,2,False,20,1,2,838,11,43,0.708423326134,0.994307474387
False,60,42,2,False,15,5,1,669,43,45,1.39473684211,0.96617780012
True,15,42,2,False,8,10,20,581,6,52,0.590551181102,0.996555901206
True,120,42,2,True,13,2,10,548,43,43,6.16216216216,0.405272088808
True,30,42,2,False,15,8,4,726,19,52,0.48730964467,0.997989517454
False,30,42,2,False,12,8,9,466,14,39,0.969899665552,0.986727656258
False,60,42,2,True,8,7,15,345,15,37,10.9066666667,0.0913041995716
True,60,42,2,False,10,7,20,419,28,44,4.09427609428,0.66391986894
True,120,42,2,True,14,4,14,539,61,41,41.2530864198,2.58153424876e-07
True,120,42,2,True,18,4,14,940,102,53,29.3212121212,5.28851829696e-05
True,60,42,2,True,10,5,7,432,12,44,11.808,0.0663917381175
True,60,42,2,True,12,5,11,701,22,59,4.27848101266,0.639046883912
True,60,42,2,True,20,2,12,876,22,45,13.8106995885,0.031823737201
True,15,42,2,False,11,6,20,586,5,49,0.933333333333,0.98801369213
False,60,42,2,True,8,5,20,346,13,45,3.7037037037,0.716699705936
False,15,42,2,False,20,10,16,1067,11,58,1.66666666667,0.947665537995
False,120,42,2,True,15,10,2,799,46,55,18.4744186047,0.00514977801292
False,60,42,2,False,14,1,12,573,36,42,1.28083989501,0.972703693724
False,15,42,2,False,17,5,16,746,8,46,3.4251497006,0.753900101814
False,120,42,2,False,12,9,8,744,107,49,5.625,0.466479324648
False,60,42,2,True,20,8,17,955,9,51,7.27659574468,0.296023545956
True,60,42,2,False,18,2,3,813,53,45,3.43060498221,0.753178340595
False,15,42,2,False,19,2,7,897,9,48,0.720626631854,0.994035054443
True,30,42,2,False,10,7,8,538,14,51,0.857142857143,0.99045326094
False,120,42,2,False,20,9,12,1028,159,52,4.72511848341,0.579520588403
True,120,42,2,False,14,5,12,779,119,57,5.09433962264,0.531771630167
False,60,42,2,True,18,7,16,953,28,51,19.6438356164,0.0032038068587
False,60,42,2,False,16,4,17,594,37,39,0.348717948718,0.99922439738
False,30,42,2,False,11,5,2,480,14,46,0.190476190476,0.999865929241
False,30,42,2,False,16,9,13,1044,29,60,2.28760330579,0.891439922584
False,30,42,2,False,20,2,9,757,20,40,0.827751196172,0.99130884986
False,60,42,2,False,9,8,14,384,24,41,0.811023622047,0.991774830451
False,120,42,2,False,17,3,3,852,134,53,7.38709677419,0.286526554641
False,120,42,2,False,18,6,19,679,102,42,5.53333333333,0.477437109114
False,60,42,2,True,11,2,14,610,11,58,5.47747747748,0.484183027361
True,120,42,2,False,5,7,15,623,96,67,4.88032454361,0.559251649166
False,15,42,2,False,13,6,3,668,7,51,0.128378378378,0.99995798926
True,30,42,2,False,15,10,18,990,27,61,0.286713286713,0.999558859783
False,60,42,2,True,8,7,1,425,9,57,3.02222222222,0.806052583069
True,120,42,2,True,14,7,2,575,44,44,19.8245614035,0.00297566590216
True,30,42,2,False,5,5,13,290,6,49,1.03816793893,0.984123944807
True,30,42,2,False,12,6,8,454,11,40,0.666666666667,0.995182375797
True,15,42,2,False,14,5,14,699,6,54,0.425196850394,0.998633361859
False,30,42,2,False,10,2,2,418,11,47,0.206896551724,0.999829230266
False,60,42,2,True,15,8,5,703,20,50,5.26570048309,0.510214310909
True,120,42,2,True,13,4,2,660,69,55,20.4488778055,0.00230311375835
True,120,42,2,False,14,1,18,578,84,43,4.19047619048,0.650917287965
True,60,42,2,True,11,3,3,406,15,39,7.125,0.309441904046
True,120,42,2,True,18,9,5,916,81,49,48.3101851852,1.02443453213e-08
False,60,42,2,False,8,6,2,399,24,50,1.56420233463,0.955116325771
False,60,42,2,False,12,2,1,598,40,52,0.721698113208,0.994010769764
False,30,42,2,False,16,5,3,866,25,54,0.197718631179,0.999850451856
True,30,42,2,False,19,5,10,981,29,52,1.02454991817,0.984664521814
False,120,42,2,False,16,9,17,786,114,47,5.5777027027,0.472115470554
True,60,42,2,False,6,9,9,424,27,50,1.45964912281,0.962129726959
False,60,42,2,False,17,8,18,751,46,47,1.95,0.92423913884
False,60,42,2,True,13,1,3,719,13,57,5.02941176471,0.540046412678
True,15,42,2,False,13,8,1,656,7,45,2.0625,0.913861614993
False,120,42,2,True,10,2,19,399,46,43,8.37246963563,0.212065156406
False,120,42,2,False,8,10,12,600,85,51,4.06306306306,0.668142460231
True,15,42,2,False,18,8,3,891,9,50,0.547872340426,0.997206230745
True,30,42,2,False,16,3,7,724,21,46,1.05829596413,0.983305524334
False,120,42,2,True,8,5,16,453,57,53,8.24242424242,0.220875293336
False,120,42,2,True,16,7,5,753,67,51,31.2283950617,2.29265878783e-05
False,120,42,2,True,14,8,17,732,53,52,5.67441860465,0.460631395708
False,120,42,2,True,14,8,12,688,67,45,47.3089005236,1.62359359136e-08
False,60,42,2,False,7,1,12,290,17,47,1.95505617978,0.923785290342
False,120,42,2,True,9,10,19,558,39,47,24.6384976526,0.000398280353899
False,120,42,2,True,8,1,1,282,23,38,11.7777777778,0.0671139341644
True,15,42,2,False,12,7,16,605,2,42,1.90697674419,0.928051930365
False,120,42,2,True,8,6,1,560,41,56,5.31221719457,0.504436752315
False,60,42,2,False,17,4,18,919,65,56,2.1447562777,0.905915414701
True,60,42,2,True,10,9,12,504,21,46,11.8534482759,0.0653191955439
False,30,42,2,False,10,3,14,451,12,49,0.687747035573,0.994751689909
False,120,42,2,True,12,2,11,679,68,60,48.6381766382,8.80840366718e-09
True,30,42,2,False,14,2,6,625,18,48,0.870026525199,0.990063313359
False,30,42,2,False,5,6,3,290,5,45,0.730769230769,0.99380280208
True,60,42,2,True,5,1,13,279,16,64,2.70303030303,0.845089241278
True,15,42,2,False,18,2,8,636,5,36,0.666666666667,0.995182375797
True,30,42,2,False,19,1,14,1133,37,62,0.410322580645,0.99876503013
False,60,42,2,False,20,5,1,921,63,50,4.34408602151,0.630219366487
True,60,42,2,True,12,10,19,816,20,58,3.09677419355,0.796606345852
True,15,42,2,False,7,8,10,430,4,51,0.717647058824,0.994102274483
True,15,42,2,False,6,8,5,341,3,46,0.901639344262,0.989067677579
True,15,42,2,False,16,1,14,892,12,58,0.711462450593,0.994240344885
False,30,42,2,False,6,3,14,281,5,51,3.75471698113,0.709828981088
False,60,42,2,True,17,9,18,863,13,53,4.89051094891,0.557930812081
True,120,42,2,False,6,1,13,222,26,40,3.4,0.757223207199
True,120,42,2,False,16,5,11,624,97,39,7.34246575342,0.29033366234
False,30,42,2,False,16,4,10,848,24,52,0.611111111111,0.996212377647
True,60,42,2,False,9,9,13,742,48,64,3.10019646365,0.796170165991
True,60,42,2,True,6,1,9,302,5,52,2.33962264151,0.885966994068
False,120,42,2,False,11,10,11,612,91,50,1.65833333333,0.948292461427
True,15,42,2,False,7,3,6,297,2,47,1.0,0.985612322033
True,15,42,2,False,14,6,5,625,4,47,0.144578313253,0.999940356261
False,15,42,2,False,14,9,20,818,7,56,3.84666666667,0.697417467193
True,120,42,2,False,18,1,19,703,103,40,7.30534351145,0.29352986454
False,15,42,2,False,15,6,15,659,6,54,1.75298804781,0.940957633582
False,120,42,2,True,8,9,18,562,33,48,15.4254143646,0.0171938762701
True,30,42,2,False,16,9,11,905,28,48,1.36256323777,0.968096093273
True,60,42,2,False,10,8,7,629,41,51,1.78604651163,0.938286954342
False,60,42,2,False,10,4,7,506,32,49,1.23303834808,0.975221408235
True,120,42,2,False,15,2,16,743,114,51,4.26666666667,0.640638692932
True,30,42,2,False,14,1,16,716,20,53,2.90995260664,0.820060950481
False,120,42,2,True,9,8,3,542,64,51,29.7375,4.40920802608e-05
True,120,42,2,True,16,7,9,599,54,44,42.8531468531,1.24714192478e-07
False,15,42,2,False,20,4,3,1133,16,55,1.41666666667,0.964836716392
False,120,42,2,False,14,8,14,796,120,53,1.96238244514,0.923125544995
True,120,42,2,False,12,10,13,537,82,40,3.05429864253,0.802001580945
False,120,42,2,True,9,6,8,385,30,43,13.3630573248,0.0376194813268
False,120,42,2,False,20,5,20,816,129,41,2.09090909091,0.911150596517
False,120,42,2,False,13,1,13,612,90,48,3.4328358209,0.752883095055
True,60,42,2,False,5,4,3,312,19,48,1.81818181818,0.93563785413
False,15,42,2,False,9,5,8,429,2,47,0.564705882353,0.996959697222
True,30,42,2,False,8,6,5,294,6,39,0.267716535433,0.999638314654
False,120,42,2,True,9,9,9,457,32,44,51.0872483221,2.84479769207e-09
False,30,42,2,False,5,10,7,405,9,40,1.52083333333,0.95809868067
False,30,42,2,False,16,6,19,649,19,41,1.15789473684,0.978913328172
True,120,42,2,False,19,6,15,776,108,42,10.8955752212,0.0916579217813
True,60,42,2,False,6,2,3,201,10,37,2.18518518519,0.901903503125
True,60,42,2,False,8,8,15,443,27,47,2.45138888889,0.87386786158
True,60,42,2,False,16,6,4,669,43,46,1.40358744395,0.965639822152
False,120,42,2,True,7,7,11,478,61,59,18.4331210191,0.00523623383186
False,60,42,2,False,10,9,17,524,31,45,0.587155963303,0.996610715636
True,15,42,2,False,10,6,20,412,2,41,0.4,0.998851518755
False,30,42,2,False,18,7,16,1001,25,58,0.875717017208,0.989888171733
False,60,42,2,False,8,4,7,475,33,54,1.42045454545,0.964602328423
True,60,42,2,False,12,9,20,749,55,53,1.96140350877,0.923213845961
True,120,42,2,True,12,10,1,817,71,56,35.6178010471,3.27050989393e-06
False,60,42,2,True,15,9,20,813,23,51,4.32786885246,0.632399499804
False,60,42,2,True,16,5,6,725,34,46,3.05113636364,0.802401861233
False,15,42,2,False,19,6,16,898,7,49,1.13245033113,0.980089696857
True,60,42,2,False,5,5,14,247,11,47,2.42105263158,0.877196393939
True,15,42,2,False,16,2,19,907,11,57,1.19827586207,0.976969787023
True,120,42,2,True,11,7,19,467,28,46,8.27586206897,0.218581582594
True,15,42,2,False,17,8,20,792,8,46,3.05044510386,0.802489334501
True,120,42,2,False,14,9,12,697,104,47,3.9741697417,0.680172112759
True,15,42,2,False,9,10,4,661,5,50,0.575471698113,0.996795250649
True,15,42,2,False,12,10,19,787,9,60,1.86387434555,0.931782515307
True,30,42,2,False,8,2,11,354,9,45,2.21649484536,0.898749772316
True,120,42,2,False,18,9,11,840,121,52,5.06666666667,0.535291534508
False,30,42,2,False,11,7,4,577,16,48,0.142433234421,0.999942926107
True,120,42,2,True,8,1,12,397,28,53,4.01351351351,0.67484756795
True,120,42,2,True,19,5,3,876,76,46,29.5148514851,4.85979062984e-05
True,30,42,2,False,17,3,17,797,25,47,2.84452975048,0.828091796619
True,15,42,2,False,8,3,20,414,4,56,1.79640718563,0.937438538506
False,60,42,2,False,8,6,15,381,19,44,3.18974358974,0.784682905561
False,60,42,2,True,7,5,12,421,9,58,1.71428571429,0.944013064873
True,120,42,2,True,16,5,16,795,82,54,3.07936507937,0.798821806444
True,60,42,2,True,10,2,5,470,12,48,1.5867768595,0.953523330356
True,30,42,2,False,11,8,12,477,10,42,2.55399061033,0.862376996093
False,120,42,2,False,10,4,6,431,62,47,1.34337349398,0.969212262968
True,60,42,2,False,5,1,5,247,13,56,6.4,0.379903741078
False,60,42,2,True,20,9,15,1030,41,56,11.5130023641,0.0737577777588
True,60,42,2,False,12,9,18,638,42,49,4.32286995516,0.633071792759
True,15,42,2,False,12,5,7,610,6,53,0.4296875,0.998591949648
False,120,42,2,True,16,8,15,894,113,52,67.423670669,1.37854638884e-12
False,60,42,2,True,20,9,2,939,33,51,3.41520467836,0.755215025822
False,30,42,2,False,6,1,4,303,7,53,0.424657534247,0.99863828317
False,30,42,2,False,20,9,20,1222,36,58,3.59427828349,0.731387056183
True,120,42,2,True,13,9,13,463,40,38,3.21126760563,0.781901540228
False,30,42,2,False,7,7,7,386,10,50,0.77358490566,0.992763295675
False,60,42,2,True,12,7,9,486,17,41,1.12,0.980651720816
True,120,42,2,False,16,1,18,663,97,42,2.21917808219,0.898477626939
True,60,42,2,False,13,10,16,764,48,55,1.03006012024,0.984447066502
False,120,42,2,False,13,2,12,799,124,63,5.39157566303,0.494656883879
True,120,42,2,True,20,10,9,953,115,50,56.2572347267,2.5823671706e-10
False,60,42,2,True,12,2,8,605,38,52,5.31203931204,0.504458783428
False,120,42,2,False,5,4,13,181,22,38,3.26956521739,0.77433192029
False,15,42,2,False,12,7,12,567,6,54,0.972111553785,0.986647444966
False,120,42,2,False,8,1,8,398,61,53,1.85046728972,0.932924438291
False,120,42,2,False,8,9,15,772,110,62,2.58031088083,0.859373544897
True,30,42,2,False,13,6,14,525,15,45,0.874213836478,0.989934610074
True,120,42,2,False,15,5,19,710,108,51,11.9115044248,0.0639724019269
True,120,42,2,True,7,9,6,390,45,40,30.2049180328,3.59344925401e-05
False,60,42,2,True,20,5,1,923,35,49,1.7908847185,0.937891437333
True,120,42,2,True,20,5,17,1040,81,55,2.66666666667,0.849368556151
True,15,42,2,False,20,7,6,899,10,44,0.679334916865,0.994926226921
True,120,42,2,True,9,10,19,596,41,51,24.9393939394,0.000350390394393
True,60,42,2,False,20,1,1,1076,79,55,1.13500597372,0.979973227397
True,15,42,2,False,5,7,8,307,2,39,0.166666666667,0.999909381177
True,60,42,2,False,11,3,9,485,35,48,1.84905660377,0.933044076892
False,120,42,2,True,16,5,5,922,97,57,38.2465753425,1.00531164993e-06
False,60,42,2,True,20,9,20,1003,15,51,1.32484076433,0.970270303623
False,15,42,2,False,13,6,4,663,5,52,0.22966507177,0.999768394789
False,30,42,2,False,19,5,20,737,21,38,1.84126984127,0.933702695736
True,30,42,2,False,11,7,6,546,14,43,0.700336700337,0.994483797377
False,30,42,2,False,9,8,16,597,18,56,1.79840848806,0.937274031714
False,120,42,2,False,11,6,17,502,65,51,2.70731707317,0.84458227456
True,120,42,2,False,10,3,9,476,64,49,1.46987951807,0.961470191639
False,120,42,2,False,16,2,7,770,118,50,4.93502377179,0.552173483544
False,60,42,2,False,6,4,20,422,22,63,1.12173913043,0.980573750625
False,30,42,2,False,10,5,20,501,11,54,0.817391304348,0.991599228534
True,15,42,2,False,6,8,14,387,3,37,0.496,0.997886838187
False,120,42,2,False,5,6,8,291,36,48,1.77540106952,0.939153032501
True,60,42,2,False,13,2,20,583,40,44,4.62829736211,0.592290320138
True,15,42,2,False,15,1,6,566,3,39,1.28,0.972749063875
True,30,42,2,False,20,8,16,647,19,35,1.065,0.983027781023
False,60,42,2,False,13,7,3,478,33,40,0.35734870317,0.999168044735
True,60,42,2,True,12,6,4,633,8,55,4.39024390244,0.624022055691
True,120,42,2,False,16,8,11,888,138,54,5.41388888889,0.491924885731
False,60,42,2,True,5,3,14,222,8,48,1.14634146341,0.979452093764
False,60,42,2,False,8,6,16,301,19,50,2.06965174129,0.913182502939
False,60,42,2,False,9,8,9,510,33,54,1.64,0.949658733446
True,15,42,2,False,9,3,9,304,2,38,0.333333333333,0.999318702996
False,60,42,2,False,7,1,19,332,20,51,1.3488372093,0.968896600427
True,60,42,2,False,20,4,11,885,61,46,3.365625,0.761753294978
True,15,42,2,False,19,2,14,758,8,41,1.6449704142,0.949290083393
True,30,42,2,False,15,3,15,572,15,40,1.02580645161,0.984615086401
False,120,42,2,False,14,3,6,635,96,50,3.5951417004,0.7312714857
False,15,42,2,False,8,1,11,412,3,55,0.222222222222,0.999789607058
False,15,42,2,False,16,7,20,748,5,47,1.3679245283,0.967780512292
False,60,42,2,False,15,1,11,741,48,50,1.85098039216,0.932880898358
False,60,42,2,False,7,5,16,278,16,40,0.8,0.992073668133
False,120,42,2,True,9,9,15,539,56,45,28.9444444444,6.23274754682e-05
True,120,42,2,True,13,10,2,656,79,53,165.107344633,4.90183790922e-33
True,15,42,2,False,15,1,18,745,6,52,0.444444444444,0.998450341909
False,120,42,2,True,14,4,19,599,50,44,13.9176029963,0.03057024983
False,15,42,2,False,9,6,3,421,3,47,0.0,1.0
False,60,42,2,False,14,8,5,704,48,52,0.794466403162,0.992221219007
True,60,42,2,True,11,1,15,522,11,50,2.78260869565,0.83559523523
False,15,42,2,False,20,6,20,972,12,51,2.94758064516,0.815396694016
False,120,42,2,False,8,9,15,571,82,48,1.58974358974,0.953311925463
True,120,42,2,True,6,1,17,246,20,44,5.10891089109,0.529922402488
True,30,42,2,False,6,10,2,604,17,56,0.509915014164,0.997715748012
True,15,42,2,False,18,4,3,861,10,49,0.834532374101,0.991115628178
False,60,42,2,True,17,2,10,781,36,47,12.454308094,0.0525680846466
False,30,42,2,True,7,6,13,455,3,58,0.53125,0.9974371746
True,15,42,2,False,15,3,14,991,12,67,0.468937875752,0.998196206662
True,120,42,2,True,10,4,12,490,64,52,12.2375,0.0568754162824
True,120,42,2,False,15,3,12,607,94,42,2.34869739479,0.885001696714
True,60,42,2,False,10,6,19,588,35,61,5.8310626703,0.442378353302
True,15,42,2,False,12,10,16,598,3,48,1.28682170543,0.972379393039
True,60,42,2,True,6,4,3,345,12,52,12.5882352941,0.050061285589
False,60,42,2,False,9,6,12,288,18,33,0.418848167539,0.998690588569
False,60,42,2,True,6,6,2,326,12,38,5.11111111111,0.529643427669
False,60,42,2,False,7,6,8,386,26,47,1.72058823529,0.943520777081
True,60,42,2,False,16,1,18,674,41,44,1.09976798144,0.981545986756
True,15,42,2,False,16,1,18,679,4,44,0.581818181818,0.996695804408
True,15,42,2,False,11,5,10,492,3,43,0.496,0.997886838187
False,15,42,2,False,9,3,14,362,2,43,0.894117647059,0.989309590844
False,30,42,2,False,5,5,2,339,5,49,0.266666666667,0.999642413307
True,15,42,2,False,9,8,5,523,6,54,0.264,0.999652689179
True,60,42,2,False,15,10,9,494,36,32,3.20533333333,0.782669120578
True,120,42,2,False,15,7,6,670,98,47,3.47534516765,0.747246973209
True,120,42,2,True,5,2,1,237,26,47,51.7480314961,2.09552959023e-09
True,60,42,2,False,20,9,16,729,50,39,0.960451977401,0.987067151501
False,15,42,2,False,5,10,8,457,2,47,0.292682926829,0.999531768884
False,60,42,2,False,16,2,10,626,35,40,2.01671309192,0.9181550977
False,15,42,2,False,11,4,2,475,4,47,0.25,0.999703522459
True,15,42,2,False,17,8,2,657,7,41,0.22602739726,0.999778926976
False,120,42,2,False,13,9,5,806,119,55,2.92651757188,0.818011566189
False,30,42,2,False,17,9,10,890,29,51,1.45840130506,0.962209771822
False,120,42,2,True,13,2,17,547,39,44,22.2990654206,0.00106866319631
True,120,42,2,False,10,6,7,637,89,58,3.28358208955,0.772504361098
False,15,42,2,False,11,10,12,510,5,45,0.36018957346,0.99914894368
True,30,42,2,False,15,6,9,715,21,47,0.27539503386,0.999607416809
True,120,42,2,False,16,5,4,719,108,49,7.0592459605,0.315402924892
True,60,42,2,True,12,2,6,512,14,44,14.5466666667,0.0240913697847
True,15,42,2,False,7,5,4,294,2,39,0.93023255814,0.988119287722
True,60,42,2,False,19,9,8,687,46,37,1.59251559252,0.953113966417
True,30,42,2,False,19,2,14,752,18,39,0.311345646438,0.99944026777
False,60,42,2,True,19,10,19,975,28,47,7.52413793103,0.275078345908
False,60,42,2,False,10,5,11,558,35,52,2.94850948509,0.815281154837
True,60,42,2,True,5,3,15,193,4,45,5.0,0.543813115883
True,15,42,2,False,20,5,10,852,10,42,1.73770491803,0.942173420438
False,15,42,2,False,8,1,4,388,4,51,0.416666666667,0.998709898
False,60,42,2,False,8,9,13,439,25,48,3.63218390805,0.726308174678
True,15,42,2,False,10,3,18,472,3,48,0.555555555556,0.997095300189
False,120,42,2,True,20,2,6,870,76,45,8.6038647343,0.197112417375
False,120,42,2,False,9,6,1,638,99,53,6.10444874275,0.411592047987
True,120,42,2,False,15,2,18,811,122,55,2.58695652174,0.858611729649
True,15,42,2,False,13,7,2,518,5,48,0.933333333333,0.98801369213
True,30,42,2,False,12,10,14,545,17,43,1.0393258427,0.984077492109
True,120,42,2,True,6,7,1,417,49,51,10.904,0.0913891300567
True,60,42,2,False,14,10,5,789,54,50,1.6183745583,0.951247322646
True,15,42,2,False,16,3,6,616,6,41,0.611111111111,0.996212377647
True,120,42,2,True,16,1,10,707,47,46,33.3714285714,8.89380977398e-06
False,120,42,2,True,11,5,10,504,10,47,1.03846153846,0.984112173458
False,15,42,2,False,17,10,12,653,7,39,0.317567567568,0.999407408912
False,15,42,2,False,19,10,17,1076,15,56,0.791139240506,0.992309147507
False,60,42,2,True,6,4,6,308,10,51,2.03773584906,0.916195507896
True,120,42,2,False,5,5,8,358,52,55,1.62724014337,0.950599087021
False,60,42,2,True,14,9,5,849,36,57,15.8020833333,0.0148566232805
True,120,42,2,True,16,5,2,630,64,43,21.2156862745,0.00167786332008
False,30,42,2,False,19,6,14,1153,36,60,1.07712765957,0.982518790728
True,60,42,2,True,6,8,2,458,14,48,18.979020979,0.00419921043373
False,120,42,2,False,16,7,11,704,105,43,1.47935368043,0.960854207049
True,60,42,2,False,11,6,7,634,40,47,2.66666666667,0.849368556151
False,120,42,2,True,6,7,12,307,24,43,4.39316239316,0.623630622137
True,60,42,2,True,10,7,11,576,15,55,4.95705521472,0.549332827497
True,120,42,2,False,7,5,5,446,67,52,1.0612244898,0.983184514602
True,60,42,2,True,15,7,4,675,31,46,12.8936170213,0.0447567685879
True,30,42,2,False,9,3,19,371,10,45,2.06730769231,0.913405338524
True,15,42,2,False,13,1,4,575,3,45,0.59842519685,0.996426697746
True,60,42,2,False,5,8,9,458,28,47,2.79310344828,0.834330448652
True,15,42,2,False,11,10,18,572,4,37,3.97604790419,0.679917940994
False,15,42,2,False,11,5,14,428,4,46,1.12574850299,0.98039333539
False,60,42,2,False,10,6,2,510,32,49,3.66081871345,0.722464938218
False,60,42,2,False,5,6,18,303,19,48,0.537313432836,0.997354356789
False,30,42,2,False,10,10,1,746,23,55,0.463768115942,0.998251863067
True,120,42,2,True,14,4,19,686,82,50,32.3066954644,1.42505459052e-05
False,30,42,2,False,14,8,13,957,33,67,3.48843930636,0.745507155213
False,30,42,2,False,7,10,20,495,11,44,0.875,0.989910338371
False,60,42,2,True,9,3,13,438,7,51,5.80281690141,0.445637392835
True,60,42,2,True,5,6,7,358,8,52,3.70731707317,0.716213469984
False,60,42,2,False,8,9,17,568,39,55,5.14925373134,0.524817847688
True,120,42,2,True,19,9,2,1088,96,62,27.8852772467,9.8753904751e-05
False,60,42,2,True,9,10,2,703,21,50,6.05479452055,0.417080060987
False,60,42,2,True,5,1,12,207,4,46,4.0,0.676676416183
True,120,42,2,True,15,9,14,786,93,51,25.8661257606,0.000235796167885
True,15,42,2,False,10,8,5,487,3,46,0.444444444444,0.998450341909
True,60,42,2,True,19,1,19,826,20,45,3.09502262443,0.7968295051
False,120,42,2,False,7,7,13,437,65,55,0.480938416422,0.998062781969
False,15,42,2,False,7,8,15,357,3,39,0.555555555556,0.997095300189
True,120,42,2,True,17,2,7,663,53,41,28.8531468531,6.48557993866e-05
True,60,42,2,True,8,3,3,368,14,47,5.30666666667,0.505124424346
True,60,42,2,True,19,8,5,1157,28,55,8.39344262295,0.210672002101
False,120,42,2,False,5,3,3,208,25,41,4.28787878788,0.637781107984
False,120,42,2,False,10,10,18,518,73,46,6.75590551181,0.344012049123
False,120,42,2,False,19,9,18,851,134,43,2.02593659942,0.917297817382
True,30,42,2,False,19,4,6,852,24,45,1.68888888889,0.94597583842
False,60,42,2,True,9,6,8,399,17,44,7.96739130435,0.240502052864
False,30,42,2,False,15,9,9,605,18,39,1.07733333333,0.982510085933
True,120,42,2,False,19,3,10,1022,143,56,9.03529411765,0.17160286296
False,60,42,2,True,15,10,16,675,12,48,7.43703703704,0.282312497962
True,120,42,2,False,10,6,11,624,92,57,3.40833333333,0.756122897872
False,120,42,2,True,5,2,19,184,23,48,1.728,0.942939211912
False,15,42,2,False,19,7,2,871,11,50,0.606060606061,0.996298617278
True,30,42,2,False,16,3,12,673,20,44,0.715294117647,0.994155034915
True,30,42,2,False,17,5,20,935,31,55,5.91411042945,0.432880034197
False,60,42,2,False,9,9,13,580,41,54,3.34106728538,0.76498069675
True,60,42,2,False,13,2,11,636,44,49,3.48484848485,0.745984435924
True,60,42,2,False,8,6,9,437,29,48,1.0,0.985612322033
False,120,42,2,False,11,3,2,734,107,70,1.02636203866,0.984593199372
True,60,42,2,True,9,5,19,495,10,54,1.33333333333,0.969787891506
False,30,42,2,False,11,2,17,495,13,46,1.4962962963,0.959740204725
False,60,42,2,False,11,8,1,651,42,54,2.0091954023,0.918850961909
False,30,42,2,False,16,2,14,790,25,52,1.70666666667,0.944605429803
False,30,42,2,False,8,6,19,361,10,42,3.34905660377,0.763931572542
False,60,42,2,False,9,8,9,413,25,35,1.52631578947,0.957727365676
False,120,42,2,False,14,10,12,871,136,56,12.1875,0.0579142666618
False,15,42,2,False,12,8,5,626,5,51,0.666666666667,0.995182375797
True,30,42,2,False,6,1,13,273,6,50,3.9674796748,0.681077466242
False,30,42,2,False,18,4,9,948,31,55,0.537037037037,0.997358167423
True,120,42,2,True,12,8,2,585,53,47,36.7881040892,1.93653309932e-06
True,60,42,2,False,14,8,1,729,50,53,7.45,0.281226569072
True,60,42,2,True,10,9,5,540,6,50,1.1875,0.977497622969
False,120,42,2,False,18,8,6,977,135,52,1.54775280899,0.956259632606
False,30,42,2,False,12,9,9,592,15,41,0.462025316456,0.998270380432
True,30,42,2,False,19,2,11,972,28,52,1.13993174061,0.979747681622
True,60,42,2,False,18,5,13,699,37,44,2.19023136247,0.901397950453
True,30,42,2,False,12,3,16,689,16,55,0.858823529412,0.990402909492
True,15,42,2,False,16,9,16,605,6,41,1.63779527559,0.949821834161
True,120,42,2,False,19,7,14,930,130,51,7.85078909613,0.249240009652
False,60,42,2,True,20,4,14,1035,34,54,9.08309455587,0.168958541749
False,30,42,2,False,20,8,8,847,24,44,1.25940594059,0.973848862326
False,60,42,2,False,5,4,17,212,11,41,2.41739130435,0.877595917656
True,30,42,2,False,19,1,6,781,18,42,0.42819843342,0.998605767792
True,120,42,2,True,9,1,5,341,45,40,16.7611336032,0.0102023885233
False,60,42,2,True,6,6,20,314,4,49,3.33333333333,0.765995500397
False,60,42,2,False,6,7,13,320,22,42,2.91063829787,0.819976243316
True,30,42,2,False,16,2,3,729,19,45,0.655086848635,0.995409529342
True,15,42,2,False,5,7,10,346,2,45,1.53086419753,0.957418056868
False,60,42,2,True,15,5,6,700,15,47,3.47096774194,0.747828220712
True,30,42,2,False,10,4,15,491,8,52,2.36470588235,0.883291338164
False,30,42,2,False,5,10,12,518,11,51,0.410480349345,0.998763677431
False,30,42,2,False,14,7,1,656,18,44,0.222222222222,0.999789607058
False,30,42,2,False,19,6,2,929,26,48,0.172794117647,0.999899245286
False,15,42,2,False,20,2,4,818,8,42,0.394029850746,0.99889974387
True,30,42,2,False,18,1,15,875,29,49,3.55048859935,0.737240742469
True,15,42,2,False,20,7,1,900,10,43,0.861244019139,0.990330121393
False,120,42,2,False,19,4,3,869,126,47,1.33333333333,0.969787891506
True,120,42,2,False,7,7,9,365,54,50,2.07092198582,0.913061646077
False,15,42,2,False,15,4,14,888,11,59,0.808602150538,0.991841033837
False,60,42,2,False,6,1,2,217,13,41,1.62962962963,0.950423652447
False,120,42,2,False,12,4,3,505,75,39,2.86582278481,0.825489312489
False,60,42,2,True,5,3,9,284,4,60,2.19512195122,0.900906978644
True,30,42,2,False,8,5,9,405,9,48,0.931937172775,0.988061304509
